cluster,example_queries,market,service_relevance,local_intent,likely_buyer,evidence_source,organic_competitor_page_types,competition_estimate,funnel_stage,current_tenzo_url,current_rank,proposed_canonical_url,priority,decision
Website design Jodhpur,"website design company in jodhpur; website designer jodhpur; website banwane ke liye jodhpur",Jodhpur,High,High,"Local business owner or professional",Live Google desktop SERP 2026-09-26; Hindi variant requires validation,"Local service pages; agency homepages; Justdial",High qualitative,Decision,Homepage,Unverified,/services/website-design-jodhpur/,P1,"Publish one substantial local website page; no separate variant pages"
Web development Jodhpur,"web development jodhpur; website development company jodhpur",Jodhpur,High,High,"Founder or growing business",Candidate query; service fit verified in Brand OS; SERP detail pending,"Likely local service pages; validate",Unknown,Decision,Homepage,Unverified,/services/website-design-jodhpur/,P1,"Same buyer job as website design until SERP overlap proves otherwise"
Landing page design Jodhpur,"landing page design jodhpur; campaign landing page designer jodhpur",Jodhpur,High,Medium,"Campaign owner or founder",Candidate query from brief; no sampled SERP,"Validate page types",Unknown,Decision,Homepage,Unverified,/services/website-design-jodhpur/,P2,"Use a distinct section on website page first"
Website for clinic Jodhpur,"clinic website designer jodhpur; doctor website design jodhpur",Jodhpur,High,High,"Clinic or practice owner",ICP verified in Brand OS; SERP and demand unverified,"Validate industry/service page types",Unknown,Decision,Homepage,Unverified,/services/website-design-jodhpur/,P3,"Add real clinic proof and use case before a separate page"
Website planning question,"what should a business website include; how much does website design cost in jodhpur",Jodhpur,High,Medium,"Researching business owner",Google website-design SERP showed cost PAA on 2026-09-26,"Guides; service pages; PAA",Medium qualitative,Consideration,Homepage,Unverified,/services/website-design-jodhpur/,P2,"Answer process and scope; price guidance requires verified offer"
Branding agency Jodhpur,"branding agency in jodhpur; branding studio jodhpur",Jodhpur,High,High,"Founder or established business owner",Live Google desktop SERP 2026-09-26,"Local branding service pages; studio homepages; directories; listicles",High qualitative,Decision,Homepage,Unverified,/services/brand-identity-jodhpur/,P1,"Describe TENZO as studio while answering agency query naturally"
Brand identity design Jodhpur,"brand identity design jodhpur; visual identity designer jodhpur",Jodhpur,High,High,"Founder or marketing lead",Live Google desktop SERP 2026-09-26,"Design studio and branding service pages; directories",Medium qualitative,Decision,Homepage,Unverified,/services/brand-identity-jodhpur/,P1,"One brand identity page covers variants"
Logo design Jodhpur,"logo design jodhpur; logo designer jodhpur",Jodhpur,Medium,High,"Small business owner",Live brand-identity SERP included logo-service page; exact query not sampled,"Logo service pages; directories",Unknown,Decision,Homepage,Unverified,/services/brand-identity-jodhpur/,P3,"Do not imply logo-only commodity offer; explain full identity scope"
Social media marketing Jodhpur,"social media marketing agency in jodhpur; social media marketing jodhpur",Jodhpur,High,High,"Local brand owner or marketing lead",Live Google desktop SERP 2026-09-26,"Local service pages; agency homepages; directories",High qualitative,Decision,Homepage,Unverified,/services/social-media-jodhpur/,P1,"One service page with clear scope and qualified enquiry"
Social media management Jodhpur,"social media management jodhpur; social media handling jodhpur",Jodhpur,Conditional,High,"Business owner seeking ongoing channel operation",Live Google desktop SERP 2026-09-26,"Management service pages; agency homepages; directories",High qualitative,Decision,Homepage,Unverified,/services/social-media-jodhpur/,P2,"Confirm ongoing management capacity before making stronger claim"
Social campaign question,"how to plan social media for a local business; social media agency cost jodhpur",Jodhpur,High,Medium,"Researching business owner",Google social-media SERP showed cost PAA on 2026-09-26,"Guides; agency service pages; PAA",Medium qualitative,Consideration,Homepage,Unverified,/services/social-media-jodhpur/,P2,"Answer what scope changes cost; do not invent prices"
Performance marketing Jodhpur,"performance marketing agency jodhpur; meta ads agency jodhpur",Jodhpur,Conditional,High,"Business with ad budget",Brand OS lists performance marketing; exact SERP not sampled,"Validate paid-media service pages",Unknown,Decision,Homepage,Unverified,/services/social-media-jodhpur/,P3,"Only expand after verified delivery capacity and campaign proof"
Digital marketing agency Jodhpur,"digital marketing agency in jodhpur; marketing agency jodhpur",Jodhpur,Partial,High,"Buyer expecting a broad channel mix",Live Google desktop SERP 2026-09-26 for digital marketing,"Agency homepages; city pages; directories; listicles",High qualitative,Decision,Homepage,Unverified,/,P3,"Broad intent often includes SEO/PPC; do not create generic agency page or imply SEO service"
Product design MVP,"product design studio india; AI MVP development studio",India/global,High,Low,"Startup founder",Service verified in Brand OS; SERP demand not yet sampled,"Validate product studios and SaaS consultancies",Unknown,Decision,Homepage,Unverified,/services/product-design-ai-mvps/,P2,"General service page; no invented industry or city targeting"
Website automation,"website automation studio; CRM automation for service business",India/global,High,Low,"Founder or operator",Service verified in Brand OS; SERP demand not yet sampled,"Validate integration and automation service pages",Unknown,Consideration,Homepage,Unverified,/services/website-design-jodhpur/,P3,"Document real workflow example before dedicated automation page"
Motion design studio,"motion design studio india; 3d visual design studio",India/global,High,Low,"Brand or product team",Service verified in Brand OS; SERP demand not yet sampled,"Validate creative studio portfolios",Unknown,Decision,Homepage,Unverified,/services/visual-motion-design/,P3,"General service page; add approved work examples"
Jaipur website design,"website design company jaipur; website designer jaipur",Jaipur,High,High,"Jaipur business owner",Candidate expansion market from brief; SERP/unique local proof unverified,"Not yet compared",Unknown,Decision,None,Unverified,/services/website-design-jodhpur/,Deferred,"Use general reach and verified delivery proof before unique Jaipur page"
Udaipur branding,"branding agency udaipur; brand identity udaipur",Udaipur,High,High,"Udaipur founder",Candidate expansion market from brief; SERP/unique local proof unverified,"Not yet compared",Unknown,Decision,None,Unverified,/services/brand-identity-jodhpur/,Deferred,"No city-swapped page; research demand and real Udaipur value first"
Delhi digital studio,"website design studio delhi; branding studio delhi",Delhi,High,High,"Delhi founder or marketing lead",Candidate expansion market from brief; SERP/unique local proof unverified,"Not yet compared",Unknown,Decision,None,Unverified,/,Deferred,"Compete via general service pages and proof; no false local office"
Mumbai digital studio,"website design studio mumbai; branding studio mumbai",Mumbai,High,High,"Mumbai founder or marketing lead",Candidate expansion market from brief; SERP/unique local proof unverified,"Not yet compared",Unknown,Decision,None,Unverified,/,Deferred,"Compete via general service pages and proof; no false local office"
